{"r2": 0.571832186082683, "mae": 33.36175463007855, "feature_importance": {"_type": "image-file", "sha256": "224297328fb91501b13efb4fc14432006d0f114d10b0473721a7208a440a2cde", "size": 33317, "path": "media/images/feature_importance_0_224297328fb91501b13e.png", "format": "png", "width": 1000, "height": 1000}, "_timestamp": 1754499511.7837327, "_runtime": 5.112337589263916, "_step": 0, "_wandb": {"runtime": 4}}