{"r2": 0.5728260366983288, "mae": 33.43050819062074, "feature_importance": {"_type": "image-file", "sha256": "f7407ab713036866fd6f150841995622ba932771797c76714b08e75e75972361", "size": 33310, "path": "media/images/feature_importance_0_f7407ab713036866fd6f.png", "format": "png", "width": 1000, "height": 1000}, "_timestamp": 1754508231.8888772, "_runtime": 5.123831272125244, "_step": 0, "_wandb": {"runtime": 4}}