{"r2": 0.5715433438851742, "mae": 33.48004557777588, "feature_importance": {"_type": "image-file", "sha256": "7e1fb7b9ab41be5b2774444c4a423dc92a2285601f83cc4d4ef3fd46cab8a827", "size": 33320, "path": "media/images/feature_importance_0_7e1fb7b9ab41be5b2774.png", "format": "png", "width": 1000, "height": 1000}, "_timestamp": 1754501428.9660702, "_runtime": 5.193030118942261, "_step": 0, "_wandb": {"runtime": 4}}