{"r2": 0.5718207437304299, "mae": 33.477297970041214, "feature_importance": {"_type": "image-file", "sha256": "ee418f6d7fec187cb20b36658f68555f8b529ec58cd4af909c2a7e3725dedcc9", "size": 33314, "path": "media/images/feature_importance_0_ee418f6d7fec187cb20b.png", "format": "png", "width": 1000, "height": 1000}, "_timestamp": 1754506433.4755635, "_runtime": 4.996509552001953, "_step": 0, "_wandb": {"runtime": 4}}