{"r2": 0.5506947652230341, "mae": 34.19217540222024, "feature_importance": {"_type": "image-file", "sha256": "56a0792e3105eea47e652788836b28ae992c9feef4ed9489e395febe069820ff", "size": 33313, "path": "media/images/feature_importance_0_56a0792e3105eea47e65.png", "format": "png", "width": 1000, "height": 1000}, "_timestamp": 1754847061.4873261, "_runtime": 5.378985166549683, "_step": 0, "_wandb": {"runtime": 4}}