{"r2": 0.571921195507114, "mae": 33.446929107789714, "feature_importance": {"_type": "image-file", "sha256": "b3009dae204300b87454328595e992145fa5cc4d3cc28f9b369a1a9c2733c274", "size": 33315, "path": "media/images/feature_importance_0_b3009dae204300b87454.png", "format": "png", "width": 1000, "height": 1000}, "_timestamp": 1754502299.8835068, "_runtime": 5.230965852737427, "_step": 0, "_wandb": {"runtime": 4}}