{"r2": 0.5722552756057144, "mae": 33.4441060487398, "feature_importance": {"_type": "image-file", "sha256": "7d6b222ae3603c44a99c2c2a29c621fc6870689a8ba12d5a860e2a8142eca8ad", "size": 33309, "path": "media/images/feature_importance_0_7d6b222ae3603c44a99c.png", "format": "png", "width": 1000, "height": 1000}, "_timestamp": 1754512610.076379, "_runtime": 50.049522161483765, "_step": 0, "_wandb": {"runtime": 43}}