{"r2": 0.5709360552815494, "mae": 33.51406239383591, "feature_importance": {"_type": "image-file", "sha256": "ee6e33f4d35abdfe770f857e0bcad06bc0db4818bac67b0e48eca102efc3a509", "size": 33316, "path": "media/images/feature_importance_0_ee6e33f4d35abdfe770f.png", "format": "png", "width": 1000, "height": 1000}, "_timestamp": 1754502166.0413837, "_runtime": 5.242003679275513, "_step": 0, "_wandb": {"runtime": 4}}