{"r2": 0.5709897969659117, "mae": 33.55485346586856, "feature_importance": {"_type": "image-file", "sha256": "7031104acfdf0b89cdb05fe3f79e6f49ed8c557e3f668c149c7f5f549ac6a043", "size": 33321, "path": "media/images/feature_importance_0_7031104acfdf0b89cdb0.png", "format": "png", "width": 1000, "height": 1000}, "_timestamp": 1754498125.3226652, "_runtime": 5.06763219833374, "_step": 0, "_wandb": {"runtime": 4}}