{"r2": 0.5714574367167663, "mae": 33.46325896500654, "feature_importance": {"_type": "image-file", "sha256": "951785649f04c4530e54dfdb593ec1ae6b09278fd08d434a04212d23bc8f8d7b", "size": 33312, "path": "media/images/feature_importance_0_951785649f04c4530e54.png", "format": "png", "width": 1000, "height": 1000}, "_timestamp": 1754441118.661511, "_runtime": 5.134781837463379, "_step": 0, "_wandb": {"runtime": 4}}