{"r2": 0.5728663343316787, "mae": 33.40491253969968, "feature_importance": {"_type": "image-file", "sha256": "f30bcfd6f885ca844f8e884216629f6623142e1244c5136baf344f201606075b", "size": 33320, "path": "media/images/feature_importance_0_f30bcfd6f885ca844f8e.png", "format": "png", "width": 1000, "height": 1000}, "_timestamp": 1754504671.340977, "_runtime": 5.613627910614014, "_step": 0, "_wandb": {"runtime": 4}}