{"r2": 0.572199611664316, "mae": 33.486262333975624, "feature_importance": {"_type": "image-file", "sha256": "dbb7de607c14243ea18be3b89406fa46414d21629e938eb4c7e07499b716b66d", "size": 33317, "path": "media/images/feature_importance_0_dbb7de607c14243ea18b.png", "format": "png", "width": 1000, "height": 1000}, "_timestamp": 1754504318.7831762, "_runtime": 5.476912260055542, "_step": 0, "_wandb": {"runtime": 5}}