{"r2": 0.573884103708918, "mae": 33.37619783815653, "feature_importance": {"_type": "image-file", "sha256": "9178d05f0086569c31ced9c6552402d3042c743b78dd6ec51fecd22360730ec9", "size": 33328, "path": "media/images/feature_importance_0_9178d05f0086569c31ce.png", "format": "png", "width": 1000, "height": 1000}, "_timestamp": 1754495879.6064727, "_runtime": 5.135075807571411, "_step": 0, "_wandb": {"runtime": 4}}