{"r2": 0.5720296972756029, "mae": 33.404367106473416, "feature_importance": {"_type": "image-file", "sha256": "585278b6bfc60805026eb267ed2556ee263e1088ef9d8718d6bbcf3e79306549", "size": 33327, "path": "media/images/feature_importance_0_585278b6bfc60805026e.png", "format": "png", "width": 1000, "height": 1000}, "_timestamp": 1754499222.8498108, "_runtime": 5.345156908035278, "_step": 0, "_wandb": {"runtime": 4}}