{"r2": 0.5721484382694266, "mae": 33.421444391801955, "feature_importance": {"_type": "image-file", "sha256": "21f5e11e9c0bca78af6859ef19972234d37837e580a4146a5ad79d2d7c34fb22", "size": 33314, "path": "media/images/feature_importance_0_21f5e11e9c0bca78af68.png", "format": "png", "width": 1000, "height": 1000}, "_timestamp": 1754507096.158542, "_runtime": 5.0652220249176025, "_step": 0, "_wandb": {"runtime": 4}}