{"r2": 0.5709030370672975, "mae": 33.455345692124745, "feature_importance": {"_type": "image-file", "sha256": "1bc2fcfb274b7f13f72406db7a1b6315ec772b166033d54e04b3fa33f27d70f7", "size": 37062, "path": "media/images/feature_importance_0_1bc2fcfb274b7f13f724.png", "format": "png", "width": 1000, "height": 1000}, "_timestamp": 1754531029.3269534, "_runtime": 6.16869044303894, "_step": 0, "_wandb": {"runtime": 5}}