{"r2": 0.5734090574058268, "mae": 33.37930945213745, "feature_importance": {"_type": "image-file", "sha256": "aa409aea821299df3814062b2048e6450efaf8c00d9d1a791c46c3e59fd8b3b7", "size": 33317, "path": "media/images/feature_importance_0_aa409aea821299df3814.png", "format": "png", "width": 1000, "height": 1000}, "_timestamp": 1754511663.7253253, "_runtime": 5.8739824295043945, "_step": 0, "_wandb": {"runtime": 5}}