{"r2": 0.5709596250207192, "mae": 33.46917509010323, "feature_importance": {"_type": "image-file", "sha256": "51872baafe426ed59c2c0528d6447acb4d73053b16ca210890f2c6d62b4188af", "size": 33307, "path": "media/images/feature_importance_0_51872baafe426ed59c2c.png", "format": "png", "width": 1000, "height": 1000}, "_timestamp": 1754506875.5551794, "_runtime": 5.106194257736206, "_step": 0, "_wandb": {"runtime": 4}}