{"r2": 0.5736204725009446, "mae": 33.385097445336136, "feature_importance": {"_type": "image-file", "sha256": "68e0ceafd5481dadee83138894ff068cb794212956faecb12608c00a26548428", "size": 33310, "path": "media/images/feature_importance_0_68e0ceafd5481dadee83.png", "format": "png", "width": 1000, "height": 1000}, "_timestamp": 1754505557.9976554, "_runtime": 5.345289468765259, "_step": 0, "_wandb": {"runtime": 4}}