{"r2": 0.5714944080819047, "mae": 33.48378436123413, "feature_importance": {"_type": "image-file", "sha256": "bdf1d1baf2e9a819907a51c8e87a411c230d1496afc3e7b2f43e316f3d5e15e9", "size": 33317, "path": "media/images/feature_importance_0_bdf1d1baf2e9a819907a.png", "format": "png", "width": 1000, "height": 1000}, "_timestamp": 1754501732.8393345, "_runtime": 5.298611402511597, "_step": 0, "_wandb": {"runtime": 4}}