{"r2": 0.5724060290412181, "mae": 33.477671697833294, "feature_importance": {"_type": "image-file", "sha256": "99abd7c214e7c83851c90650cf8aac7eb5562a244a94e9237a8f5d63e7c8bead", "size": 33308, "path": "media/images/feature_importance_0_99abd7c214e7c83851c9.png", "format": "png", "width": 1000, "height": 1000}, "_timestamp": 1754505130.1410859, "_runtime": 5.407556772232056, "_step": 0, "_wandb": {"runtime": 4}}