{"r2": 0.5505933039326842, "mae": 34.16097942841196, "feature_importance": {"_type": "image-file", "sha256": "12fc93bb4d1d13965375cbfd8d8ba3abb151e75f50917e2c11f77b1c3ba0ce63", "size": 33315, "path": "media/images/feature_importance_0_12fc93bb4d1d13965375.png", "format": "png", "width": 1000, "height": 1000}, "_timestamp": 1754846302.1078844, "_runtime": 5.270441293716431, "_step": 0, "_wandb": {"runtime": 4}}