{
  "r2": 0.5624459334905583,
  "mae": 33.78235828505872,
  "min_r2_gate": 0.5,
  "max_mae_gate": 40.0
}