{"r2": 0.5678293446069704, "mae": 33.60673797646853, "feature_importance": {"_type": "image-file", "sha256": "048c177eac31bd31cc97b6118304c08ffce93d2446681c019128d12a2819d9e6", "size": 33310, "path": "media/images/feature_importance_0_048c177eac31bd31cc97.png", "format": "png", "width": 1000, "height": 1000}, "_timestamp": 1754496687.7741096, "_runtime": 5.164158582687378, "_step": 0, "_wandb": {"runtime": 4}}